amplitude_px,frame,phase_ms,updated_objects,flush_count,flush_pixels,flush_percent,flush_max_rect
2,0,0,9,0,0,0.000,0
2,1,50,1,4,8976,5.844,8192
2,2,100,1,4,8976,5.844,8192
2,3,150,1,4,8976,5.844,8192
2,4,200,2,4,8992,5.854,8192
2,5,250,2,4,8992,5.854,8192
2,6,300,1,4,8992,5.854,8192
2,7,350,1,4,8992,5.854,8192
2,8,400,1,4,9008,5.865,8192
2,9,450,2,4,9024,5.875,8192
2,10,500,2,4,9040,5.885,8192
2,11,550,2,4,9056,5.896,8192
3,0,0,9,0,0,0.000,0
3,1,50,1,4,8976,5.844,8192
3,2,100,1,4,8976,5.844,8192
3,3,150,2,4,8992,5.854,8192
3,4,200,2,4,8992,5.854,8192
3,5,250,2,4,9008,5.865,8192
3,6,300,1,4,9008,5.865,8192
3,7,350,1,4,9008,5.865,8192
3,8,400,2,4,9040,5.885,8192
3,9,450,2,4,9072,5.906,8192
3,10,500,2,4,9088,5.917,8192
3,11,550,2,4,9104,5.927,8192
4,0,0,9,0,0,0.000,0
4,1,50,0,4,8960,5.833,8192
4,2,100,1,4,8976,5.844,8192
4,3,150,2,4,8992,5.854,8192
4,4,200,2,4,9008,5.865,8192
4,5,250,2,4,9024,5.875,8192
4,6,300,1,4,9024,5.875,8192
4,7,350,2,4,9056,5.896,8192
4,8,400,2,4,9088,5.917,8192
4,9,450,2,4,9120,5.938,8192
4,10,500,2,4,9136,5.948,8192
4,11,550,2,4,9168,5.969,8192
